{"F1":{"BoundingBox":{"Max":{"X":5788.78271484375,"Y":4325.2158203125,"Z":3500.020263671875},"Min":{"X":-5571.216796875,"Y":-5561.78369140625,"Z":-8.067988499479784e-021}},"id":"311"},"F2":{"BoundingBox":{"Max":{"X":8418.8046875,"Y":6357.7265625,"Z":12908.0751953125},"Min":{"X":-9471.216796875,"Y":-7934.2841796875,"Z":3175}},"id":"694"},"F3":{"BoundingBox":{"Max":{"X":7328.7998046875,"Y":1847.715576171875,"Z":12908.0751953125},"Min":{"X":-2261.217041015625,"Y":-7644.28369140625,"Z":6499.99951171875}},"id":"259581"},"ROOF":{"BoundingBox":{"Max":{"X":8280.443359375,"Y":5457.7890625,"Z":13370.068359375},"Min":{"X":-9971.216796875,"Y":-9089.2841796875,"Z":9271.3466796875}},"id":"259628"},"地坪":{"BoundingBox":{"Max":{"X":8418.8046875,"Y":6357.73974609375,"Z":10500},"Min":{"X":-9471.216796875,"Y":-8789.2841796875,"Z":-450}},"id":"259664"}}
