{"code":"success","message":null,"data":[{"portsAndViews":null,"viewInfo":{"cropBox":[-30479.998779296875,-30479.998779296875,-304799.98779296875,30479.998779296875,30479.998779296875,-30.47999923348425],"elevation":0.0,"id":"380321","levelId":"","name":"BF00-AR01-01 - 一层建筑平面图","outline":[582.3571195340062,38.27272573993646,1239.410109868944,458.2727089192241],"preview":{"height":0,"path":null,"width":0},"thumbnails":[],"viewPoint":{"origin":[0.0,0.0,0.0],"rightDirection":[1.0,0.0,0.0],"scale":1,"upDirection":[0.0,1.0,0.0],"viewDirection":[0.0,0.0,1.0]},"viewType":"DrawingSheet"}}]}