{"drawingList":[{"viewInfo":{"id":"380321","name":"BF00-AR01-01 - 一层建筑平面图","viewType":"DrawingSheet","levelId":"","elevation":0.0,"outline":[582.35711953400619,38.272725739936462,1239.4101098689439,458.2727089192241],"cropBox":[-30479.998779296875,-30479.998779296875,-304799.98779296875,30479.998779296875,30479.998779296875,-30.47999923348425],"viewPoint":{"origin":[0.0,0.0,0.0],"upDirection":[0.0,1.0,0.0],"rightDirection":[1.0,0.0,0.0],"viewDirection":[0.0,0.0,1.0],"scale":1},"preview":{"path":null,"width":0,"height":0},"thumbnails":[]},"portsAndViews":[{"viewport":[732.28108410812536,140.17128794018728,-7.5479996977077688,1005.8547175031694,387.39941470367995,95.397996989542165],"viewId":"312","viewType":"FloorPlan","outline":[-150.08483841637229,-141.90950090441507,117.39279522281248,99.222626103218175],"elevation":0.0,"viewPoint":{"origin":[0.0,0.0,0.0],"upDirection":[0.0,1.0,0.0],"rightDirection":[1.0,0.0,0.0],"viewDirection":[0.0,0.0,1.0],"scale":100},"cropBox":[-30479.998779296875,-30479.998779296875,-30479.998779296875,30479.998779296875,30479.998779296875,30479.998779296875]}]}]}
